{"stats":{"minecraft:killed_by":{"minecraft:creeper":1,"minecells:leaping_zombie":1},"minecraft:killed":{"minecraft:player":2},"minecraft:used":{"minecraft:dark_oak_stairs":1,"minecraft:birch_planks":2,"minecraft:spruce_planks":4,"wizards:wizard_robe_head":1,"minecells:guts":1,"minecraft:rotten_flesh":7,"minecraft:sand":2,"minecraft:carrot":4,"minecraft:cod":7,"minecraft:cobweb":1},"minecraft:dropped":{"runes:fire_stone":1,"mca:book_romance":1,"minecraft:oak_planks":78,"minecells:putrid_sapling":1,"minecraft:cod":3,"minecraft:bone":2},"minecraft:crafted":{"minecraft:oak_planks":16,"minecraft:spruce_planks":4},"minecraft:mined":{"minecraft:birch_planks":3,"minecraft:spruce_planks":1,"minecraft:spruce_log":1,"minecraft:dark_oak_stairs":1,"biomesoplenty:sea_oats":1,"minecraft:sand":2,"minecraft:tall_grass":6},"minecraft:custom":{"minecraft:time_since_rest":2001,"minecraft:sprint_one_cm":63828,"minecraft:damage_taken":943,"minecraft:walk_one_cm":56367,"minecraft:drop":14,"minecraft:damage_dealt":33,"minecraft:fly_one_cm":148272,"minecraft:player_kills":2,"minecraft:open_barrel":1,"minecraft:open_chest":9,"minecraft:crouch_one_cm":664,"minecraft:play_time":26929,"minecraft:deaths":2,"minecraft:sneak_time":717,"minecraft:walk_under_water_one_cm":766,"minecraft:jump":619,"minecraft:walk_on_water_one_cm":7500,"minecraft:time_since_death":1971,"minecraft:sleep_in_bed":3,"minecraft:total_world_time":26929,"minecraft:climb_one_cm":1447,"minecraft:fall_one_cm":13015},"minecraft:picked_up":{"minecraft:stick":4,"minecells:putrid_sapling":1,"runes:arcane_stone":1,"minecraft:wooden_pickaxe":1,"runes:fire_stone":1,"minecraft:birch_planks":2,"minecraft:sand":2,"minecraft:oak_log":4,"minecraft:spruce_log":1,"minecraft:carrot":37,"minecraft:dirt":4,"wizards:wand_novice":1,"minecraft:item_frame":1,"minecraft:bone":5,"minecraft:arrow":2,"naturalist:antler":1,"minecraft:rotten_flesh":3,"runes:frost_stone":1,"minecraft:spruce_planks":1,"minecraft:coal":32,"minecraft:skeleton_skull":1,"minecraft:oak_planks":78,"minecraft:dark_oak_stairs":1,"minecraft:cobblestone":37}},"DataVersion":3465}