{"stats":{"minecraft:killed":{"minecraft:player":1},"minecraft:used":{"minecraft:dark_oak_stairs":1,"minecraft:birch_planks":2,"minecraft:spruce_planks":4,"wizards:wizard_robe_head":1,"minecraft:rotten_flesh":3,"minecraft:sand":2,"minecraft:cod":2},"minecraft:dropped":{"mca:book_romance":1,"minecraft:oak_planks":78,"minecraft:cod":3,"minecraft:bone":2},"minecraft:crafted":{"minecraft:spruce_planks":4},"minecraft:mined":{"minecraft:birch_planks":3,"minecraft:spruce_planks":1,"minecraft:spruce_log":1,"minecraft:dark_oak_stairs":1,"biomesoplenty:sea_oats":1,"minecraft:sand":2},"minecraft:custom":{"minecraft:time_since_rest":8662,"minecraft:sprint_one_cm":16022,"minecraft:damage_taken":142,"minecraft:walk_one_cm":27213,"minecraft:drop":12,"minecraft:damage_dealt":24,"minecraft:fly_one_cm":47133,"minecraft:player_kills":1,"minecraft:open_barrel":1,"minecraft:open_chest":1,"minecraft:crouch_one_cm":492,"minecraft:play_time":14929,"minecraft:sneak_time":262,"minecraft:walk_under_water_one_cm":312,"minecraft:jump":218,"minecraft:walk_on_water_one_cm":3127,"minecraft:time_since_death":14929,"minecraft:sleep_in_bed":2,"minecraft:total_world_time":14929,"minecraft:climb_one_cm":1387,"minecraft:fall_one_cm":3739},"minecraft:picked_up":{"runes:arcane_stone":1,"minecraft:birch_planks":2,"minecraft:sand":2,"minecraft:spruce_log":1,"minecraft:item_frame":1,"minecraft:bone":2,"minecraft:arrow":2,"minecraft:rotten_flesh":3,"runes:frost_stone":1,"minecraft:spruce_planks":1,"minecraft:oak_planks":78,"minecraft:dark_oak_stairs":1}},"DataVersion":3465}