{"stats":{"minecraft:used":{"minecraft:sand":2},"minecraft:dropped":{"mca:book_romance":1},"minecraft:mined":{"minecraft:sand":2},"minecraft:custom":{"minecraft:jump":55,"minecraft:time_since_rest":2929,"minecraft:sprint_one_cm":3406,"minecraft:play_time":2929,"minecraft:walk_on_water_one_cm":1480,"minecraft:time_since_death":2929,"minecraft:walk_one_cm":960,"minecraft:total_world_time":2929,"minecraft:fall_one_cm":894,"minecraft:drop":1,"minecraft:fly_one_cm":15541},"minecraft:picked_up":{"minecraft:sand":2}},"DataVersion":3465}