{"stats":{"minecraft:used":{"wizards:fire_robe_legs":1,"wizards:fire_robe_feet":1},"minecraft:custom":{"minecraft:time_since_rest":5232,"minecraft:open_chest":6,"minecraft:crouch_one_cm":3304,"minecraft:sprint_one_cm":16771,"minecraft:play_time":54523,"minecraft:deaths":1,"minecraft:damage_taken":216,"minecraft:walk_one_cm":21244,"minecraft:sneak_time":1797,"minecraft:drop":4,"minecraft:jump":68,"minecraft:damage_dealt":26,"minecraft:leave_game":4,"minecraft:time_since_death":4699,"minecraft:total_world_time":54523,"minecraft:fall_one_cm":209,"minecraft:fly_one_cm":391488},"minecraft:mined":{"minecraft:grass":5,"minecraft:glass_pane":1},"minecraft:killed_by":{"mca:male_villager":1},"minecraft:picked_up":{"soulsweapons:verglas_ore":2,"minecraft:poppy":1},"minecraft:dropped":{"soulsweapons:verglas_ore":3,"mca:book_romance":1}},"DataVersion":3465}