{"stats":{"minecraft:used":{"minecraft:dirt":4},"minecraft:crafted":{"minecraft:spruce_planks":24},"minecraft:mined":{"minecraft:spruce_log":6,"minecraft:grass_block":1,"minecraft:dirt_path":3,"minecraft:powder_snow":10},"minecraft:custom":{"minecraft:jump":28,"minecraft:open_chest":1,"minecraft:time_since_rest":4015,"minecraft:leave_game":1,"minecraft:crouch_one_cm":424,"minecraft:sprint_one_cm":5537,"minecraft:play_time":7539,"minecraft:sleep_in_bed":1,"minecraft:time_since_death":7539,"minecraft:walk_one_cm":6602,"minecraft:sneak_time":117,"minecraft:climb_one_cm":710,"minecraft:total_world_time":7539,"minecraft:fly_one_cm":4561},"minecraft:picked_up":{"minecraft:spruce_log":6,"minecraft:dirt":4}},"DataVersion":3465}