{"stats":{"minecraft:dropped":{"minecraft:obsidian":3,"betternether:nether_ruby":12},"minecraft:custom":{"minecraft:open_chest":2,"minecraft:time_since_rest":14801,"minecraft:play_time":14801,"minecraft:sprint_one_cm":10227,"minecraft:damage_taken":299,"minecraft:walk_one_cm":18611,"minecraft:damage_absorbed":752,"minecraft:sneak_time":246,"minecraft:walk_under_water_one_cm":3584,"minecraft:mob_kills":11,"minecraft:drop":6,"minecraft:jump":161,"minecraft:damage_dealt":2058,"minecraft:time_since_death":14801,"minecraft:walk_on_water_one_cm":432,"minecraft:climb_one_cm":1290,"minecraft:total_world_time":14801,"minecraft:damage_resisted":292,"minecraft:fall_one_cm":1497,"minecraft:talked_to_villager":2,"minecraft:fly_one_cm":199384},"minecraft:picked_up":{"minecraft:bone":12,"betternether:jungle_moss":2,"betternether:nether_ruby":12,"minecraft:wither_skeleton_skull":1,"minecraft:obsidian":3,"minecraft:coal":4},"minecraft:mined":{"betternether:jungle_moss":1},"minecraft:killed":{"minecraft:wither_skeleton":11},"minecraft:used":{"aquamirae:whisper_of_the_abyss":65,"minecraft:wither_skeleton_skull":1,"minecraft:flint_and_steel":3,"minecraft:enchanted_golden_apple":6,"minecraft:obsidian":15}},"DataVersion":3465}