{"stats":{"minecraft:dropped":{"mca:book_romance":2,"minecraft:wheat_seeds":9},"minecraft:custom":{"minecraft:open_chest":1,"minecraft:time_since_rest":1665,"minecraft:crouch_one_cm":159,"minecraft:sprint_one_cm":18805,"minecraft:play_time":17741,"minecraft:deaths":2,"minecraft:damage_taken":577,"minecraft:walk_one_cm":15792,"minecraft:sneak_time":32,"minecraft:drop":9,"minecraft:jump":167,"minecraft:damage_dealt":106,"minecraft:leave_game":3,"minecraft:time_since_death":1405,"minecraft:total_world_time":17741,"minecraft:fall_one_cm":5743,"minecraft:fly_one_cm":37345},"minecraft:used":{"minecraft:apple":1,"minecraft:iron_sword":2,"minecraft:iron_leggings":1,"minecraft:rotten_flesh":2},"minecraft:picked_up":{"minecraft:rotten_flesh":4,"minecraft:wheat_seeds":9,"mca:book_romance":1},"minecraft:killed_by":{"minecraft:zombie":1,"minecraft:player":1},"minecraft:mined":{"minecraft:large_fern":6,"minecraft:grass":10,"minecraft:tall_grass":14,"minecraft:oak_leaves":1}},"DataVersion":3465}