{"stats":{"minecraft:dropped":{"mca:book_romance":1,"minecraft:wheat_seeds":9},"minecraft:mined":{"minecraft:grass":10,"minecraft:tall_grass":14,"minecraft:oak_leaves":1,"minecraft:large_fern":6},"minecraft:custom":{"minecraft:time_since_rest":11123,"minecraft:open_chest":1,"minecraft:crouch_one_cm":159,"minecraft:sprint_one_cm":16151,"minecraft:play_time":15615,"minecraft:deaths":1,"minecraft:damage_taken":256,"minecraft:walk_one_cm":14974,"minecraft:sneak_time":32,"minecraft:drop":8,"minecraft:jump":137,"minecraft:damage_dealt":106,"minecraft:leave_game":3,"minecraft:time_since_death":10973,"minecraft:total_world_time":15615,"minecraft:fly_one_cm":27313,"minecraft:fall_one_cm":4261},"minecraft:used":{"minecraft:rotten_flesh":2,"minecraft:apple":1,"minecraft:iron_sword":2,"minecraft:iron_leggings":1},"minecraft:killed_by":{"minecraft:zombie":1},"minecraft:picked_up":{"minecraft:rotten_flesh":4,"minecraft:wheat_seeds":9}},"DataVersion":3465}