{"stats":{"minecraft:used":{"soulsweapons:frostmourne":64,"minecraft:grass_block":6,"soulsweapons:empowered_dawnbreaker":6,"minecraft:elytra":1,"soulsweapons:galeforce":1,"minecraft:lectern":4,"soulsweapons:darkmoon_longbow":9,"soulsweapons:guts_sword":5,"immersive_aircraft:warship":1,"wizards:staff_netherite_frost":9,"minecraft:stone_bricks":102,"soulsweapons:shadow_assassin_scythe":4,"soulsweapons:gatling_gun":43,"wizards:fire_robe_feet":1,"minecraft:anvil":1,"minecraft:crafting_table":1,"minecraft:smithing_table":6,"immersive_aircraft:biplane":3,"soulsweapons:enhanced_withered_chest":1,"minecraft:enchanted_golden_apple":7,"minecraft:firework_rocket":12,"wizards:fire_robe_legs":1,"soulsweapons:chaos_orb":6},"minecraft:custom":{"minecraft:interact_with_smithing_table":2,"minecraft:time_since_rest":944,"minecraft:damage_absorbed":873,"minecraft:sprint_one_cm":34226,"minecraft:damage_taken":2764,"minecraft:walk_one_cm":41874,"minecraft:interact_with_anvil":1,"minecraft:mob_kills":8,"minecraft:drop":19,"minecraft:damage_dealt":5916,"minecraft:interact_with_crafting_table":1,"minecraft:fly_one_cm":831921,"minecraft:open_chest":6,"minecraft:crouch_one_cm":3726,"minecraft:play_time":117303,"minecraft:deaths":8,"minecraft:sneak_time":3555,"minecraft:jump":268,"minecraft:aviate_one_cm":388171,"minecraft:damage_dealt_resisted":2427,"minecraft:leave_game":9,"minecraft:time_since_death":914,"minecraft:sleep_in_bed":1,"minecraft:total_world_time":117303,"minecraft:damage_resisted":640,"minecraft:fall_one_cm":11917},"minecraft:mined":{"minecraft:glass_pane":1,"minecraft:carrots":1,"minecraft:grass":6},"minecraft:killed_by":{"soulsweapons:night_prowler":3,"mca:male_villager":1,"soulsweapons:day_stalker":3,"naturalist:elephant":1},"minecraft:picked_up":{"minecraft:tipped_arrow":64,"soulsweapons:chaos_orb":1,"biomesoplenty:goldenrod":2,"soulsweapons:lord_soul_night_prowler":2,"soulsweapons:verglas_ore":2,"minecraft:grass_block":1,"immersive_aircraft:biplane":1,"minecraft:bone":3,"minecraft:wheat_seeds":1,"minecraft:poppy":2,"biomesoplenty:wildflower":1,"minecraft:cobblestone":5},"minecraft:crafted":{"handcrafted:evoker_trophy":1},"minecraft:killed":{"minecraft:skeleton":1,"naturalist:zebra":2,"naturalist:elephant":1,"minecraft:zombie":1,"mca:male_villager":1,"mca:female_villager":1,"soulsweapons:day_stalker":1},"minecraft:dropped":{"wizards:fire_robe_legs":1,"minecraft:poppy":1,"soulsweapons:verglas_ore":3,"minecraft:tipped_arrow":64,"biomesoplenty:goldenrod":2,"mca:book_romance":1,"minecraft:wheat_seeds":1,"wizards:fire_robe_chest":1,"wizards:fire_robe_head":1,"soulsweapons:chaos_orb":1,"minecraft:cobblestone":5,"wizards:fire_robe_feet":1,"wizards:fire_spell_book":1,"minecraft:grass_block":1,"soulsweapons:lord_soul_night_prowler":2}},"DataVersion":3465}