{"stats":{"minecraft:dropped":{"betternether:jungle_moss":2,"minecraft:obsidian":3,"betternether:nether_ruby":12},"minecraft:custom":{"minecraft:open_chest":2,"minecraft:time_since_rest":11965,"minecraft:deaths":1,"minecraft:play_time":26781,"minecraft:sprint_one_cm":10241,"minecraft:damage_taken":299,"minecraft:walk_one_cm":18927,"minecraft:damage_absorbed":752,"minecraft:sneak_time":1224,"minecraft:walk_under_water_one_cm":3584,"minecraft:mob_kills":12,"minecraft:drop":8,"minecraft:jump":167,"minecraft:damage_dealt":2058,"minecraft:time_since_death":11944,"minecraft:walk_on_water_one_cm":432,"minecraft:climb_one_cm":1290,"minecraft:total_world_time":26781,"minecraft:damage_resisted":292,"minecraft:fall_one_cm":1497,"minecraft:talked_to_villager":2,"minecraft:fly_one_cm":616100},"minecraft:picked_up":{"minecraft:bone":12,"betternether:jungle_moss":2,"betternether:nether_ruby":12,"minecraft:wither_skeleton_skull":1,"minecraft:obsidian":3,"minecraft:coal":4},"minecraft:mined":{"betternether:jungle_moss":1},"minecraft:killed":{"minecraft:ender_dragon":1,"minecraft:wither_skeleton":11},"minecraft:used":{"minecraft:bedrock":11,"minecraft:ender_eye":10,"aquamirae:whisper_of_the_abyss":65,"minecraft:end_crystal":13,"minecraft:wither_skeleton_skull":1,"minecraft:flint_and_steel":3,"minecraft:enchanted_golden_apple":6,"minecraft:obsidian":15}},"DataVersion":3465}