{"stats":{"minecraft:used":{"soulsweapons:chaos_orb":5,"wizards:fire_robe_legs":1,"minecraft:grass_block":6,"soulsweapons:empowered_dawnbreaker":6,"minecraft:lectern":4,"soulsweapons:guts_sword":5,"immersive_aircraft:warship":1,"wizards:staff_netherite_frost":9,"minecraft:stone_bricks":102,"soulsweapons:gatling_gun":43,"soulsweapons:shadow_assassin_scythe":3,"wizards:fire_robe_feet":1,"minecraft:smithing_table":6,"immersive_aircraft:biplane":3},"minecraft:custom":{"minecraft:time_since_rest":37989,"minecraft:interact_with_smithing_table":2,"minecraft:sprint_one_cm":28775,"minecraft:damage_taken":470,"minecraft:walk_one_cm":33401,"minecraft:mob_kills":7,"minecraft:drop":16,"minecraft:damage_dealt":1426,"minecraft:fly_one_cm":604116,"minecraft:open_chest":6,"minecraft:crouch_one_cm":3726,"minecraft:play_time":98635,"minecraft:deaths":2,"minecraft:sneak_time":3122,"minecraft:jump":181,"minecraft:leave_game":5,"minecraft:time_since_death":37961,"minecraft:total_world_time":98635,"minecraft:fall_one_cm":4688},"minecraft:mined":{"minecraft:glass_pane":1,"minecraft:carrots":1,"minecraft:grass":5},"minecraft:killed_by":{"mca:male_villager":1,"naturalist:elephant":1},"minecraft:picked_up":{"soulsweapons:chaos_orb":1,"soulsweapons:lord_soul_night_prowler":2,"soulsweapons:verglas_ore":2,"minecraft:grass_block":1,"immersive_aircraft:biplane":1,"minecraft:bone":3,"minecraft:wheat_seeds":1,"minecraft:poppy":2,"biomesoplenty:wildflower":1,"minecraft:cobblestone":5},"minecraft:killed":{"minecraft:skeleton":1,"naturalist:zebra":2,"naturalist:elephant":1,"minecraft:zombie":1,"mca:male_villager":1,"mca:female_villager":1},"minecraft:dropped":{"wizards:fire_robe_legs":1,"minecraft:poppy":1,"soulsweapons:verglas_ore":3,"minecraft:wheat_seeds":1,"mca:book_romance":1,"wizards:fire_robe_chest":1,"wizards:fire_robe_head":1,"soulsweapons:chaos_orb":1,"minecraft:cobblestone":5,"wizards:fire_robe_feet":1,"wizards:fire_spell_book":1,"minecraft:grass_block":1,"soulsweapons:lord_soul_night_prowler":2}},"DataVersion":3465}