{"stats":{"minecraft:used":{"soulsweapons:chaos_orb":6,"wizards:fire_robe_legs":1,"minecraft:firework_rocket":3,"minecraft:grass_block":6,"soulsweapons:empowered_dawnbreaker":6,"soulsweapons:darkmoon_longbow":2,"minecraft:lectern":4,"soulsweapons:galeforce":1,"soulsweapons:guts_sword":5,"immersive_aircraft:warship":1,"wizards:staff_netherite_frost":9,"minecraft:stone_bricks":102,"soulsweapons:shadow_assassin_scythe":3,"soulsweapons:gatling_gun":43,"wizards:fire_robe_feet":1,"minecraft:crafting_table":1,"minecraft:smithing_table":6,"immersive_aircraft:biplane":3,"minecraft:enchanted_golden_apple":2},"minecraft:custom":{"minecraft:time_since_rest":4177,"minecraft:interact_with_smithing_table":2,"minecraft:damage_absorbed":320,"minecraft:sprint_one_cm":30655,"minecraft:damage_taken":1069,"minecraft:walk_one_cm":35458,"minecraft:mob_kills":7,"minecraft:drop":17,"minecraft:damage_dealt":1426,"minecraft:interact_with_crafting_table":1,"minecraft:fly_one_cm":679379,"minecraft:open_chest":6,"minecraft:crouch_one_cm":3726,"minecraft:play_time":106111,"minecraft:deaths":3,"minecraft:sneak_time":3303,"minecraft:aviate_one_cm":97015,"minecraft:jump":197,"minecraft:leave_game":6,"minecraft:time_since_death":4148,"minecraft:damage_resisted":129,"minecraft:total_world_time":106111,"minecraft:fall_one_cm":8738},"minecraft:mined":{"minecraft:glass_pane":1,"minecraft:carrots":1,"minecraft:grass":5},"minecraft:killed_by":{"soulsweapons:night_prowler":1,"mca:male_villager":1,"naturalist:elephant":1},"minecraft:picked_up":{"biomesoplenty:goldenrod":1,"soulsweapons:chaos_orb":1,"soulsweapons:lord_soul_night_prowler":2,"soulsweapons:verglas_ore":2,"minecraft:grass_block":1,"immersive_aircraft:biplane":1,"minecraft:bone":3,"minecraft:wheat_seeds":1,"minecraft:poppy":2,"biomesoplenty:wildflower":1,"minecraft:cobblestone":5},"minecraft:crafted":{"handcrafted:evoker_trophy":1},"minecraft:killed":{"minecraft:skeleton":1,"naturalist:zebra":2,"naturalist:elephant":1,"minecraft:zombie":1,"mca:male_villager":1,"mca:female_villager":1},"minecraft:dropped":{"wizards:fire_robe_legs":1,"minecraft:poppy":1,"soulsweapons:verglas_ore":3,"biomesoplenty:goldenrod":1,"minecraft:wheat_seeds":1,"mca:book_romance":1,"wizards:fire_robe_chest":1,"wizards:fire_robe_head":1,"soulsweapons:chaos_orb":1,"minecraft:cobblestone":5,"wizards:fire_robe_feet":1,"wizards:fire_spell_book":1,"minecraft:grass_block":1,"soulsweapons:lord_soul_night_prowler":2}},"DataVersion":3465}