{"stats":{"minecraft:custom":{"minecraft:jump":22,"minecraft:open_chest":6,"minecraft:time_since_rest":34800,"minecraft:crouch_one_cm":3287,"minecraft:leave_game":2,"minecraft:play_time":34800,"minecraft:sprint_one_cm":11861,"minecraft:time_since_death":34800,"minecraft:walk_one_cm":8960,"minecraft:sneak_time":1296,"minecraft:total_world_time":34800,"minecraft:drop":3,"minecraft:fall_one_cm":209,"minecraft:fly_one_cm":227812},"minecraft:mined":{"minecraft:glass_pane":1},"minecraft:picked_up":{"soulsweapons:verglas_ore":2},"minecraft:dropped":{"soulsweapons:verglas_ore":3}},"DataVersion":3465}