{"stats":{"minecraft:used":{"soulsweapons:shadow_assassin_scythe":3,"soulsweapons:gatling_gun":43,"wizards:fire_robe_legs":1,"wizards:fire_robe_feet":1,"minecraft:smithing_table":6,"soulsweapons:empowered_dawnbreaker":6,"soulsweapons:guts_sword":5},"minecraft:custom":{"minecraft:time_since_rest":2469,"minecraft:open_chest":6,"minecraft:crouch_one_cm":3546,"minecraft:sprint_one_cm":24721,"minecraft:play_time":63115,"minecraft:deaths":2,"minecraft:damage_taken":470,"minecraft:walk_one_cm":26993,"minecraft:sneak_time":1944,"minecraft:mob_kills":3,"minecraft:drop":5,"minecraft:jump":142,"minecraft:damage_dealt":1322,"minecraft:leave_game":4,"minecraft:time_since_death":2441,"minecraft:total_world_time":63115,"minecraft:fall_one_cm":4688,"minecraft:fly_one_cm":481733,"minecraft:interact_with_smithing_table":2},"minecraft:mined":{"minecraft:grass":5,"minecraft:glass_pane":1},"minecraft:killed_by":{"naturalist:elephant":1,"mca:male_villager":1},"minecraft:picked_up":{"soulsweapons:verglas_ore":2,"minecraft:poppy":2},"minecraft:killed":{"naturalist:elephant":1,"naturalist:zebra":2},"minecraft:dropped":{"soulsweapons:verglas_ore":3,"mca:book_romance":1,"minecraft:poppy":1}},"DataVersion":3465}