{"stats":{"minecraft:custom":{"minecraft:jump":21,"minecraft:open_chest":6,"minecraft:time_since_rest":22800,"minecraft:crouch_one_cm":3252,"minecraft:leave_game":2,"minecraft:play_time":22800,"minecraft:sprint_one_cm":11861,"minecraft:time_since_death":22800,"minecraft:walk_one_cm":8960,"minecraft:sneak_time":1191,"minecraft:total_world_time":22800,"minecraft:drop":3,"minecraft:fall_one_cm":209,"minecraft:fly_one_cm":217375},"minecraft:mined":{"minecraft:glass_pane":1},"minecraft:picked_up":{"soulsweapons:verglas_ore":2},"minecraft:dropped":{"soulsweapons:verglas_ore":3}},"DataVersion":3465}