{"stats":{"minecraft:killed":{"minecraft:player":1},"minecraft:dropped":{"minecraft:iron_sword":1,"mca:book_romance":4,"minecraft:wheat_seeds":10},"minecraft:custom":{"minecraft:time_since_rest":11210,"minecraft:sprint_one_cm":50576,"minecraft:damage_taken":910,"minecraft:walk_one_cm":37460,"minecraft:drop":13,"minecraft:damage_dealt":289,"minecraft:fly_one_cm":95406,"minecraft:player_kills":1,"minecraft:open_chest":3,"minecraft:crouch_one_cm":3425,"minecraft:play_time":31974,"minecraft:deaths":3,"minecraft:sneak_time":856,"minecraft:jump":458,"minecraft:leave_game":4,"minecraft:time_since_death":13757,"minecraft:sleep_in_bed":1,"minecraft:total_world_time":31974,"minecraft:climb_one_cm":357,"minecraft:fall_one_cm":14589},"minecraft:crafted":{"minecraft:crafting_table":1,"minecraft:spruce_planks":24,"minecraft:stick":8},"minecraft:used":{"minecraft:apple":1,"minecraft:bread":2,"minecraft:spruce_planks":2,"minecraft:iron_sword":7,"minecraft:spruce_sapling":1,"minecraft:rotten_flesh":6,"minecraft:dirt":1,"minecraft:iron_leggings":2},"minecraft:picked_up":{"minecraft:stick":2,"minecraft:spruce_sapling":1,"minecraft:spruce_log":6,"mca:book_romance":3,"minecraft:dirt":1,"minecraft:iron_leggings":1,"minecraft:rotten_flesh":8,"minecraft:wheat_seeds":10,"minecraft:iron_sword":1},"minecraft:killed_by":{"minecraft:player":2,"minecraft:zombie":1},"minecraft:mined":{"minecraft:large_fern":6,"minecraft:spruce_log":6,"minecraft:grass":20,"minecraft:grass_block":1,"minecraft:tall_grass":14,"minecraft:spruce_leaves":4,"minecraft:oak_leaves":1}},"DataVersion":3465}