{"stats":{"minecraft:killed_by":{"minecraft:player":2,"minecells:leaping_zombie":4,"minecells:shieldbearer":1},"minecraft:killed":{"naturalist:deer":1},"minecraft:used":{"minecraft:stone_pickaxe":133,"minecraft:oak_planks":5,"minecraft:wooden_pickaxe":6,"minecraft:dirt":7,"naturalist:venison":1,"minecraft:crafting_table":2,"wizards:wand_novice":11,"minecraft:carrot":11,"minecraft:cod":3,"minecraft:stone_axe":22,"minecraft:furnace":1},"minecraft:broken":{"minecraft:stone_pickaxe":1},"minecraft:dropped":{"minecraft:bone":3},"minecraft:mined":{"minecraft:crafting_table":1,"minecraft:grass_block":9,"minecells:skeleton":1,"minecraft:tall_grass":7,"biomesoplenty:sprout":1,"minecraft:spawner":1,"minecraft:tall_seagrass":1,"minecraft:carrots":9,"minecraft:iron_ore":2,"minecraft:wheat":2,"minecraft:yellow_bed":1,"minecraft:grass":12,"minecraft:coal_ore":17,"minecraft:potatoes":1,"minecraft:oak_log":17,"minecells:wilted_wall_leaves":3,"minecraft:dirt":2,"minecraft:stone":115,"minecraft:oak_leaves":3,"minecells:alchemy_equipment_1":1},"minecraft:crafted":{"minecraft:oak_planks":52,"minecraft:crafting_table":1,"minecraft:wooden_pickaxe":1,"minecraft:furnace":1,"minecraft:stone_axe":1,"minecraft:air":0,"minecraft:stick":8,"minecraft:iron_ingot":2,"minecraft:stone_pickaxe":1},"minecraft:custom":{"minecraft:interact_with_furnace":3,"minecraft:mob_kills":1,"minecraft:interact_with_crafting_table":5,"minecraft:leave_game":1,"minecraft:time_since_death":2252,"minecraft:sleep_in_bed":1,"minecraft:climb_one_cm":1680,"minecraft:time_since_rest":2281,"minecraft:sprint_one_cm":80048,"minecraft:damage_taken":1774,"minecraft:walk_one_cm":115351,"minecraft:drop":1,"minecraft:damage_dealt":437,"minecraft:swim_one_cm":4697,"minecraft:fly_one_cm":121981,"minecraft:open_chest":17,"minecraft:crouch_one_cm":973,"minecraft:play_time":40686,"minecraft:deaths":7,"minecraft:sneak_time":517,"minecraft:walk_under_water_one_cm":875,"minecraft:jump":595,"minecraft:walk_on_water_one_cm":9777,"minecraft:total_world_time":40686,"minecraft:fall_one_cm":15325},"minecraft:picked_up":{"minecells:putrid_sapling":2,"minecraft:crafting_table":1,"minecraft:wheat":2,"naturalist:venison":1,"minecraft:wooden_pickaxe":2,"minecraft:potato":2,"minecraft:enchanted_book":1,"minecraft:oak_log":21,"minecraft:chain":2,"minecraft:yellow_bed":2,"mca:book_romance":1,"minecraft:dirt":19,"minecraft:paper":1,"minecells:health_flask":1,"wizards:wand_novice":3,"minecraft:bone":9,"minecraft:wheat_seeds":10,"minecraft:gold_nugget":1,"minecraft:iron_ingot":2,"minecraft:oak_planks":57,"minecraft:stick":2,"minecraft:raw_iron":2,"runes:fire_stone":1,"minecells:infected_flesh":1,"minecraft:carrot":30,"minecraft:rotten_flesh":4,"naturalist:antler":2,"minecraft:diamond":1,"minecraft:gold_ingot":1,"minecraft:emerald":4,"minecraft:skeleton_skull":1,"minecraft:coal":33,"minecraft:cod":3,"minecraft:cobblestone":189}},"DataVersion":3465}