{"stats":{"minecraft:killed":{"minecraft:player":2},"minecraft:dropped":{"minecraft:wheat_seeds":3},"minecraft:custom":{"minecraft:open_chest":1,"minecraft:time_since_rest":12245,"minecraft:crouch_one_cm":483,"minecraft:play_time":28820,"minecraft:sprint_one_cm":23338,"minecraft:deaths":3,"minecraft:damage_taken":537,"minecraft:walk_one_cm":19393,"minecraft:sneak_time":265,"minecraft:drop":1,"minecraft:jump":233,"minecraft:damage_dealt":641,"minecraft:time_since_death":12217,"minecraft:climb_one_cm":315,"minecraft:total_world_time":28820,"minecraft:fly_one_cm":43748,"minecraft:fall_one_cm":11165,"minecraft:player_kills":2},"minecraft:crafted":{"minecraft:oak_planks":4,"minecraft:spruce_planks":12},"minecraft:used":{"minecraft:dirt":1,"minecraft:iron_sword":3,"minecraft:iron_leggings":1},"minecraft:picked_up":{"minecraft:stick":2,"minecraft:iron_leggings":1,"minecraft:rotten_flesh":2,"minecraft:wheat_seeds":3,"minecraft:oak_log":1,"minecraft:spruce_sapling":1,"minecraft:spruce_log":3,"minecraft:oak_sapling":1,"minecraft:dirt":2,"minecraft:iron_sword":1},"minecraft:killed_by":{"minecraft:zombie":1,"minecraft:player":1},"minecraft:mined":{"minecraft:large_fern":2,"minecraft:grass":11,"minecraft:oak_log":1,"minecraft:dirt":1,"minecraft:spruce_leaves":3,"minecraft:spruce_log":3,"minecraft:oak_leaves":5,"minecraft:fern":2}},"DataVersion":3465}