{"stats":{"minecraft:killed":{"naturalist:deer":1},"minecraft:used":{"minecraft:stone_axe":22,"minecraft:dirt":7,"naturalist:venison":1,"minecraft:crafting_table":1,"minecraft:stone_pickaxe":78,"minecraft:wooden_pickaxe":5},"minecraft:crafted":{"minecraft:oak_planks":52,"minecraft:stone_axe":1,"minecraft:crafting_table":1,"minecraft:stick":8,"minecraft:stone_pickaxe":1,"minecraft:wooden_pickaxe":1},"minecraft:mined":{"minecraft:grass":8,"minecraft:grass_block":9,"minecraft:oak_log":17,"minecraft:dirt":2,"minecraft:tall_grass":4,"biomesoplenty:sprout":1,"minecraft:stone":79,"minecraft:crafting_table":1,"minecraft:oak_leaves":3},"minecraft:custom":{"minecraft:time_since_rest":16750,"minecraft:crouch_one_cm":324,"minecraft:play_time":16750,"minecraft:sprint_one_cm":18591,"minecraft:damage_taken":205,"minecraft:walk_one_cm":27237,"minecraft:sneak_time":344,"minecraft:walk_under_water_one_cm":278,"minecraft:mob_kills":1,"minecraft:jump":245,"minecraft:damage_dealt":205,"minecraft:walk_on_water_one_cm":534,"minecraft:time_since_death":16750,"minecraft:total_world_time":16750,"minecraft:swim_one_cm":4697,"minecraft:interact_with_crafting_table":3,"minecraft:fall_one_cm":7025,"minecraft:fly_one_cm":39418},"minecraft:picked_up":{"minecraft:crafting_table":1,"naturalist:venison":1,"naturalist:antler":1,"minecraft:wheat_seeds":2,"minecraft:oak_log":17,"minecraft:dirt":11,"minecraft:cobblestone":79}},"DataVersion":3465}