{"stats":{"minecraft:killed":{"minecraft:player":1},"minecraft:dropped":{"minecraft:wheat_seeds":3},"minecraft:custom":{"minecraft:time_since_rest":4820,"minecraft:crouch_one_cm":366,"minecraft:play_time":4820,"minecraft:sprint_one_cm":9870,"minecraft:damage_taken":30,"minecraft:walk_one_cm":5227,"minecraft:sneak_time":117,"minecraft:drop":1,"minecraft:jump":105,"minecraft:damage_dealt":236,"minecraft:time_since_death":4820,"minecraft:total_world_time":4820,"minecraft:fly_one_cm":18805,"minecraft:fall_one_cm":4317,"minecraft:player_kills":1},"minecraft:used":{"minecraft:iron_leggings":1},"minecraft:picked_up":{"minecraft:stick":2,"minecraft:iron_leggings":1,"minecraft:rotten_flesh":2,"minecraft:wheat_seeds":3,"minecraft:oak_sapling":1,"minecraft:iron_sword":1},"minecraft:mined":{"minecraft:large_fern":2,"minecraft:grass":5,"minecraft:oak_leaves":1,"minecraft:fern":1}},"DataVersion":3465}