{"stats":{"minecraft:killed_by":{"minecraft:player":1},"minecraft:killed":{"naturalist:deer":1},"minecraft:used":{"minecraft:stone_pickaxe":133,"minecraft:wooden_pickaxe":5,"minecraft:stone_axe":22,"minecraft:dirt":7,"naturalist:venison":1,"minecraft:crafting_table":2,"minecraft:furnace":1,"wizards:wand_novice":10,"minecraft:cod":3},"minecraft:broken":{"minecraft:stone_pickaxe":1},"minecraft:mined":{"minecraft:iron_ore":2,"minecraft:crafting_table":1,"minecraft:grass":12,"minecraft:oak_log":17,"minecraft:grass_block":9,"minecraft:coal_ore":17,"minecraft:dirt":2,"minecraft:tall_grass":5,"biomesoplenty:sprout":1,"minecraft:stone":115,"minecraft:oak_leaves":3},"minecraft:crafted":{"minecraft:oak_planks":52,"minecraft:crafting_table":1,"minecraft:stick":8,"minecraft:wooden_pickaxe":1,"minecraft:iron_ingot":2,"minecraft:stone_pickaxe":1,"minecraft:furnace":1,"minecraft:stone_axe":1,"minecraft:air":0},"minecraft:custom":{"minecraft:time_since_rest":6855,"minecraft:interact_with_furnace":3,"minecraft:sprint_one_cm":30130,"minecraft:damage_taken":259,"minecraft:walk_one_cm":54204,"minecraft:mob_kills":1,"minecraft:damage_dealt":318,"minecraft:swim_one_cm":4697,"minecraft:interact_with_crafting_table":5,"minecraft:fly_one_cm":41312,"minecraft:open_chest":1,"minecraft:play_time":28686,"minecraft:crouch_one_cm":973,"minecraft:deaths":1,"minecraft:sneak_time":512,"minecraft:walk_under_water_one_cm":278,"minecraft:jump":273,"minecraft:leave_game":1,"minecraft:time_since_death":6821,"minecraft:walk_on_water_one_cm":678,"minecraft:sleep_in_bed":1,"minecraft:total_world_time":28686,"minecraft:climb_one_cm":372,"minecraft:fall_one_cm":7234},"minecraft:picked_up":{"minecraft:raw_iron":2,"minecraft:stick":2,"minecraft:crafting_table":1,"naturalist:venison":1,"minecraft:wooden_pickaxe":1,"minecraft:oak_log":21,"mca:book_romance":1,"minecraft:dirt":15,"wizards:wand_novice":2,"minecraft:rotten_flesh":4,"naturalist:antler":2,"minecraft:wheat_seeds":4,"minecraft:iron_ingot":2,"minecraft:cod":3,"minecraft:oak_planks":41,"minecraft:coal":33,"minecraft:cobblestone":152}},"DataVersion":3465}