{"stats":{"minecraft:mined":{"minecraft:grass":1},"minecraft:custom":{"minecraft:jump":30,"minecraft:time_since_rest":7242,"minecraft:damage_dealt":46,"minecraft:crouch_one_cm":479,"minecraft:sprint_one_cm":3312,"minecraft:leave_game":3,"minecraft:play_time":7242,"minecraft:damage_taken":106,"minecraft:time_since_death":7242,"minecraft:walk_one_cm":5976,"minecraft:sneak_time":142,"minecraft:climb_one_cm":231,"minecraft:total_world_time":7242,"minecraft:fall_one_cm":685,"minecraft:fly_one_cm":4484}},"DataVersion":3465}